<?xml version="1.0" encoding="UTF-8" standalone="yes"?>
<service xmlns="http://www.activegrid.com/namespaces/ServiceDefinitions/1.0" id="mancodb" class="com.mancodb.Mancodb" CRUDService="true" type="DataService" springFile="mancodb.spring.xml">
    <operation operationType="hqlquery" name="getUsersById">
        <parameter name="id" typeRef="java.lang.Integer" isList="false"/>
        <return typeRef="com.mancodb.data.Users" isList="false"/>
    </operation>
    <dataobjects>
        <dataobject javaType="com.mancodb.data.DocumentType" supportsQuickData="true">
            <element name="iddocumentType" typeRef="java.lang.Integer" isList="false" allowNull="false">
                <require>delete</require>
                <require>read</require>
                <require>update</require>
                <noChange>delete</noChange>
                <noChange>read</noChange>
                <noChange>update</noChange>
                <exclude>insert</exclude>
            </element>
            <element name="documentType" typeRef="java.lang.String" isList="false" allowNull="true"/>
            <element name="userses" typeRef="com.mancodb.data.Users" isList="true" allowNull="true"/>
        </dataobject>
        <dataobject javaType="com.mancodb.data.IssueHistory" supportsQuickData="true">
            <element name="idissueHistory" typeRef="java.lang.Integer" isList="false" allowNull="false">
                <require>delete</require>
                <require>read</require>
                <require>update</require>
                <noChange>delete</noChange>
                <noChange>read</noChange>
                <noChange>update</noChange>
                <exclude>insert</exclude>
            </element>
            <element name="state" typeRef="java.lang.String" isList="false" allowNull="true"/>
            <element name="reporter" typeRef="java.lang.String" isList="false" allowNull="true"/>
            <element name="comment" typeRef="java.lang.String" isList="false" allowNull="false"/>
            <element name="createdDate" typeRef="java.util.Date" isList="false" allowNull="true"/>
            <element name="createdTime" typeRef="java.util.Date" isList="false" allowNull="true"/>
            <element name="updatedDate" typeRef="java.util.Date" isList="false" allowNull="true"/>
            <element name="picsHistory" typeRef="java.lang.String" isList="false" allowNull="true"/>
            <element name="issues" typeRef="com.mancodb.data.Issues" isList="false" allowNull="false"/>
        </dataobject>
        <dataobject javaType="com.mancodb.data.Issues" supportsQuickData="true">
            <element name="issueId" typeRef="java.lang.Integer" isList="false" allowNull="false">
                <require>delete</require>
                <require>read</require>
                <require>update</require>
                <noChange>delete</noChange>
                <noChange>read</noChange>
                <noChange>update</noChange>
                <exclude>insert</exclude>
            </element>
            <element name="name" typeRef="java.lang.String" isList="false" allowNull="false"/>
            <element name="description" typeRef="java.lang.String" isList="false" allowNull="false"/>
            <element name="issueDate" typeRef="java.util.Date" isList="false" allowNull="true"/>
            <element name="issueTime" typeRef="java.util.Date" isList="false" allowNull="false"/>
            <element name="issueDateUpdate" typeRef="java.util.Date" isList="false" allowNull="true"/>
            <element name="urlPic" typeRef="java.lang.String" isList="false" allowNull="true"/>
            <element name="reporter" typeRef="java.lang.String" isList="false" allowNull="true"/>
            <element name="prioridad" typeRef="java.lang.String" isList="false" allowNull="true"/>
            <element name="users" typeRef="com.mancodb.data.Users" isList="false" allowNull="false"/>
            <element name="issueHistories" typeRef="com.mancodb.data.IssueHistory" isList="true" allowNull="true"/>
        </dataobject>
        <dataobject javaType="com.mancodb.data.Tenant" supportsQuickData="true">
            <element name="idtenant" typeRef="java.lang.Integer" isList="false" allowNull="false">
                <require>delete</require>
                <require>read</require>
                <require>update</require>
                <noChange>delete</noChange>
                <noChange>read</noChange>
                <noChange>update</noChange>
                <exclude>insert</exclude>
            </element>
            <element name="tenantName" typeRef="java.lang.String" isList="false" allowNull="false"/>
            <element name="dniTenant" typeRef="java.lang.Integer" isList="false" allowNull="true"/>
            <element name="country" typeRef="java.lang.String" isList="false" allowNull="true"/>
            <element name="address" typeRef="java.lang.String" isList="false" allowNull="true"/>
            <element name="telephone" typeRef="java.lang.String" isList="false" allowNull="true"/>
        </dataobject>
        <dataobject javaType="com.mancodb.data.UserType" supportsQuickData="true">
            <element name="iduserType" typeRef="java.lang.Integer" isList="false" allowNull="false">
                <require>delete</require>
                <require>read</require>
                <require>update</require>
                <noChange>delete</noChange>
                <noChange>read</noChange>
                <noChange>update</noChange>
                <exclude>insert</exclude>
            </element>
            <element name="userType" typeRef="java.lang.String" isList="false" allowNull="true"/>
            <element name="userses" typeRef="com.mancodb.data.Users" isList="true" allowNull="true"/>
        </dataobject>
        <dataobject javaType="com.mancodb.data.Users" supportsQuickData="true">
            <element name="idusers" typeRef="java.lang.Integer" isList="false" allowNull="false">
                <require>delete</require>
                <require>read</require>
                <require>update</require>
                <noChange>delete</noChange>
                <noChange>read</noChange>
                <noChange>update</noChange>
                <exclude>insert</exclude>
            </element>
            <element name="noDocument" typeRef="java.lang.Integer" isList="false" allowNull="false"/>
            <element name="name" typeRef="java.lang.String" isList="false" allowNull="false"/>
            <element name="lastname" typeRef="java.lang.String" isList="false" allowNull="false"/>
            <element name="user" typeRef="java.lang.String" isList="false" allowNull="false"/>
            <element name="pwd" typeRef="java.lang.String" isList="false" allowNull="false"/>
            <element name="createdDate" typeRef="java.util.Date" isList="false" allowNull="true"/>
            <element name="updatedDate" typeRef="java.util.Date" isList="false" allowNull="true"/>
            <element name="tenantId" typeRef="java.lang.Integer" isList="false" allowNull="false"/>
            <element name="userType" typeRef="com.mancodb.data.UserType" isList="false" allowNull="false"/>
            <element name="documentType" typeRef="com.mancodb.data.DocumentType" isList="false" allowNull="false"/>
            <element name="issueses" typeRef="com.mancodb.data.Issues" isList="true" allowNull="true"/>
        </dataobject>
    </dataobjects>
</service>
