<!DOCTYPE hibernate-mapping PUBLIC "-//Hibernate/Hibernate Mapping DTD 3.0//EN" "http://hibernate.sourceforge.net/hibernate-mapping-3.0.dtd">
<hibernate-mapping>
    <class name="com.mancodb.data.DocumentType" table="document_type" catalog="mancodb" dynamic-insert="false" dynamic-update="false">
        <id name="iddocumentType" type="integer">
            <column name="iddocument_type"/>
            <generator class="identity"/>
        </id>
        <property name="documentType" type="string">
            <column name="document_type" length="45"/>
        </property>
        <set name="userses" inverse="true" cascade="">
            <key>
                <column name="document_type_iddocument_type" not-null="true"/>
            </key>
            <one-to-many class="com.mancodb.data.Users"/>
        </set>
    </class>
</hibernate-mapping>